{"name":"8f5d4154-f0cc-4792-9da9-418f57e10742","id":"/providers/Microsoft.Flow/flows/8f5d4154-f0cc-4792-9da9-418f57e10742","type":"Microsoft.Flow/flows","properties":{"apiId":"/providers/Microsoft.PowerApps/apis/shared_logicflows","displayName":"Talent Book - Delete All Items","definition":{"metadata":{"workflowEntityId":null,"processAdvisorMetadata":null,"flowclientsuspensionreason":"None","flowclientsuspensiontime":null,"creator":{"id":"b78c82a7-0d25-490c-881d-d5733c760758","type":"User","tenantId":"d598f71c-782d-4a59-904b-3cd8ce49bdaa"},"provisioningMethod":"FromDefinition","failureAlertSubscription":true,"clientLastModifiedTime":"2021-09-21T23:10:41.3805831Z"},"$schema":"https://schema.management.azure.com/providers/Microsoft.Logic/schemas/2016-06-01/workflowdefinition.json#","contentVersion":"1.0.0.0","parameters":{"$connections":{"defaultValue":{},"type":"Object"},"$authentication":{"defaultValue":{},"type":"SecureObject"}},"triggers":{"manual":{"type":"Request","kind":"Button","inputs":{"schema":{"type":"object","properties":{},"required":[]}}}},"actions":{"Talent_Book_-_Get_Items":{"runAfter":{},"type":"OpenApiConnection","inputs":{"host":{"apiId":"/providers/Microsoft.PowerApps/apis/shared_sharepointonline","connectionName":"shared_sharepointonline_1","operationId":"GetItems"},"parameters":{"dataset":"https://hignet.sharepoint.com/sites/msteams_297c01_431422","table":"2f0e6a82-20a2-4e95-b54e-c33c1935db11"},"authentication":{"value":"@json(decodeBase64(triggerOutputs().headers['X-MS-APIM-Tokens']))['$ConnectionKey']","type":"Raw"}},"runtimeConfiguration":{"paginationPolicy":{"minimumItemCount":10000}}},"Apply_To_Each":{"foreach":"@outputs('Talent_Book_-_Get_Items')?['body/value']","actions":{"Delete_item":{"runAfter":{},"type":"OpenApiConnection","inputs":{"host":{"apiId":"/providers/Microsoft.PowerApps/apis/shared_sharepointonline","connectionName":"shared_sharepointonline_1","operationId":"DeleteItem"},"parameters":{"dataset":"https://hignet.sharepoint.com/sites/msteams_297c01_431422","table":"2f0e6a82-20a2-4e95-b54e-c33c1935db11","id":"@items('Apply_To_Each')?['ID']"},"authentication":{"value":"@json(decodeBase64(triggerOutputs().headers['X-MS-APIM-Tokens']))['$ConnectionKey']","type":"Raw"}}}},"runAfter":{"Talent_Book_-_Get_Items":["Succeeded"]},"type":"Foreach","runtimeConfiguration":{"concurrency":{"repetitions":50}}}}},"connectionReferences":{"shared_sharepointonline_1":{"connectionName":"650d471732d34df1afbe859120e510f0","source":"Invoker","id":"/providers/Microsoft.PowerApps/apis/shared_sharepointonline","tier":"NotSpecified"}},"flowFailureAlertSubscribed":false}}