{"name":"09efc605-e1e5-407c-9186-acf856387b0f","id":"/providers/Microsoft.Flow/flows/09efc605-e1e5-407c-9186-acf856387b0f","type":"Microsoft.Flow/flows","properties":{"apiId":"/providers/Microsoft.PowerApps/apis/shared_logicflows","displayName":"Talent Book - Delete All Items","definition":{"metadata":{"workflowEntityId":null,"processAdvisorMetadata":null,"flowclientsuspensionreason":"None","flowclientsuspensiontime":null,"creator":{"id":"d9161766-3396-4ceb-9eac-0f61101d0313","type":"User","tenantId":"69eb5f2d-d074-4a47-9809-17321c2b5744"},"provisioningMethod":"FromDefinition","failureAlertSubscription":true,"clientLastModifiedTime":"2021-11-15T20:12:59.6808119Z"},"$schema":"https://schema.management.azure.com/providers/Microsoft.Logic/schemas/2016-06-01/workflowdefinition.json#","contentVersion":"1.0.0.0","parameters":{"$connections":{"defaultValue":{},"type":"Object"},"$authentication":{"defaultValue":{},"type":"SecureObject"}},"triggers":{"manual":{"metadata":{"operationMetadataId":"5cd38aed-77b2-400f-9125-d434410e4b37"},"type":"Request","kind":"Button","inputs":{"schema":{"type":"object","properties":{},"required":[]}}}},"actions":{"Talent_Book_-_Get_Items":{"runAfter":{},"metadata":{"operationMetadataId":"6768735a-6c5a-4f0e-a1ea-410f56efafa6"},"type":"OpenApiConnection","inputs":{"host":{"apiId":"/providers/Microsoft.PowerApps/apis/shared_sharepointonline","connectionName":"shared_sharepointonline","operationId":"GetItems"},"parameters":{"dataset":"https://keeebbob.sharepoint.com/sites/HIGWorkSite","table":"f41eb8f7-9077-4c1e-9742-3b531a0bb9fa"},"authentication":{"value":"@json(decodeBase64(triggerOutputs().headers['X-MS-APIM-Tokens']))['$ConnectionKey']","type":"Raw"}}},"Apply_To_Each":{"foreach":"@outputs('Talent_Book_-_Get_Items')?['body/value']","actions":{"Delete_item":{"runAfter":{},"metadata":{"operationMetadataId":"8914ad35-6b4d-4676-aa62-7632ec2e69aa"},"type":"OpenApiConnection","inputs":{"host":{"apiId":"/providers/Microsoft.PowerApps/apis/shared_sharepointonline","connectionName":"shared_sharepointonline","operationId":"DeleteItem"},"parameters":{"dataset":"https://keeebbob.sharepoint.com/sites/HIGWorkSite","table":"f41eb8f7-9077-4c1e-9742-3b531a0bb9fa","id":"@items('Apply_To_Each')?['ID']"},"authentication":{"value":"@json(decodeBase64(triggerOutputs().headers['X-MS-APIM-Tokens']))['$ConnectionKey']","type":"Raw"}}}},"runAfter":{"Talent_Book_-_Get_Items":["Succeeded"]},"metadata":{"operationMetadataId":"a337fc13-5e06-4168-b895-48b90c1b2df2"},"type":"Foreach"}}},"connectionReferences":{"shared_sharepointonline":{"connectionName":"shared-sharepointonl-c1d106e8-4c37-497c-8d75-7812-dbc13583","source":"Invoker","id":"/providers/Microsoft.PowerApps/apis/shared_sharepointonline","tier":"NotSpecified"}},"flowFailureAlertSubscribed":false}}