{"name":"3d0a4a27-e0cf-4e97-86c0-ed01c67c648f","id":"/providers/Microsoft.Flow/flows/3d0a4a27-e0cf-4e97-86c0-ed01c67c648f","type":"Microsoft.Flow/flows","properties":{"apiId":"/providers/Microsoft.PowerApps/apis/shared_logicflows","displayName":"Keeeb - HIG Migration - Knowledge Portal Documents - No ZIP","definition":{"metadata":{"workflowEntityId":null,"processAdvisorMetadata":null,"flowclientsuspensionreason":"None","flowclientsuspensiontime":null,"creator":{"id":"d9161766-3396-4ceb-9eac-0f61101d0313","type":"User","tenantId":"69eb5f2d-d074-4a47-9809-17321c2b5744"},"provisioningMethod":"FromDefinition","failureAlertSubscription":true,"clientLastModifiedTime":"2021-11-15T20:17:11.9388821Z"},"$schema":"https://schema.management.azure.com/providers/Microsoft.Logic/schemas/2016-06-01/workflowdefinition.json#","contentVersion":"1.0.0.0","parameters":{"$connections":{"defaultValue":{},"type":"Object"},"$authentication":{"defaultValue":{},"type":"SecureObject"}},"triggers":{"manual":{"metadata":{"operationMetadataId":"2bedbbcb-50bf-4fd8-8af0-0a3137d534aa"},"type":"Request","kind":"Button","inputs":{"schema":{"type":"object","properties":{},"required":[]}}}},"actions":{"Variable_-_Target_Library_Path":{"runAfter":{"Variable_-_Source_Library_Path":["Succeeded"]},"metadata":{"operationMetadataId":"5ebb4d1e-b751-41cc-8e72-e31ccc16e774"},"type":"InitializeVariable","inputs":{"variables":[{"name":"TargetLibrary","type":"string","value":"Knowledge Portal Target"}]}},"Variable_-_Text_Log":{"runAfter":{"Variable_-_Target_Library_Path":["Succeeded"]},"metadata":{"operationMetadataId":"f6b8c337-a6bc-40fb-b334-9ff35f871e6c"},"type":"InitializeVariable","inputs":{"variables":[{"name":"Log","type":"string"}]}},"Variable_-_Source_Library_Path":{"runAfter":{},"metadata":{"operationMetadataId":"c6d9f0c0-3d54-493d-b223-b50e477646a1"},"type":"InitializeVariable","inputs":{"variables":[{"name":"SourceLibrary","type":"string","value":"Knowledge Portal Source"}]}},"Try":{"actions":{"SharePoint_-_Get_Files_in_Source_Library":{"runAfter":{},"metadata":{"flowSystemMetadata":{"swaggerOperationId":"GetFileItems"},"operationMetadataId":"041b4651-d111-4fe5-b308-1f908c1bd941"},"type":"ApiConnection","inputs":{"host":{"connection":{"name":"@json(decodeBase64(triggerOutputs().headers['X-MS-APIM-Tokens']))['$connections']['shared_sharepointonline']['connectionId']"},"api":{"runtimeUrl":"https://unitedstates-002.azure-apim.net/apim/sharepointonline"}},"method":"get","path":"/datasets/@{encodeURIComponent(encodeURIComponent('https://keeebbob.sharepoint.com/sites/HIGWorkSite'))}/tables/@{encodeURIComponent(encodeURIComponent('80d2c365-7286-45d4-84be-50295c675b2d'))}/getfileitems","queries":{"viewScopeOption":"RecursiveAll"},"authentication":{"type":"Raw","value":"@json(decodeBase64(triggerOutputs().headers['X-MS-APIM-Tokens']))['$ConnectionKey']"}}},"Log_-_Get_Files_in_Source_Library":{"runAfter":{"SharePoint_-_Get_Files_in_Source_Library":["Succeeded"]},"metadata":{"operationMetadataId":"ac83dd89-36ca-4511-9b4b-9cda975bbffb"},"type":"AppendToStringVariable","inputs":{"name":"Log","value":"\n[INFO] - Retrieved files from source library. "}},"Loop_-_Create_Files_in_Target_Library":{"foreach":"@body('SharePoint_-_Get_Files_in_Source_Library')?['value']","actions":{"Log_-_File_Copied":{"runAfter":{"Copy_file":["Succeeded"]},"metadata":{"operationMetadataId":"2ddac45d-2f78-4cf4-b01a-7997873fdbe8"},"type":"AppendToStringVariable","inputs":{"name":"Log","value":"\n[INFO] - File copied to SharePoint target library. File Name: @{items('Loop_-_Create_Files_in_Target_Library')?['{Path}']}@{items('Loop_-_Create_Files_in_Target_Library')?['{FilenameWithExtension}']}"}},"Copy_file":{"runAfter":{},"metadata":{"flowSystemMetadata":{"swaggerOperationId":"CopyFileAsync"},"operationMetadataId":"ef42dd54-187a-4e86-b189-9a2380c397d2"},"type":"ApiConnection","inputs":{"host":{"connection":{"name":"@json(decodeBase64(triggerOutputs().headers['X-MS-APIM-Tokens']))['$connections']['shared_sharepointonline']['connectionId']"},"api":{"runtimeUrl":"https://unitedstates-002.azure-apim.net/apim/sharepointonline"}},"method":"post","body":{"sourceFileId":"@{items('Loop_-_Create_Files_in_Target_Library')?['{Path}']}@{items('Loop_-_Create_Files_in_Target_Library')?['{FilenameWithExtension}']}","destinationDataset":"https://keeebbob.sharepoint.com/sites/HIGWorkSite","destinationFolderPath":"/Knowledge Portal Target","nameConflictBehavior":1},"path":"/datasets/@{encodeURIComponent(encodeURIComponent('https://keeebbob.sharepoint.com/sites/HIGWorkSite'))}/copyFileAsync","authentication":{"type":"Raw","value":"@json(decodeBase64(triggerOutputs().headers['X-MS-APIM-Tokens']))['$ConnectionKey']"}}}},"runAfter":{"Log_-_Get_Files_in_Source_Library":["Succeeded"]},"metadata":{"operationMetadataId":"94332608-0377-4ce0-9c6c-7489f7aedb62"},"type":"Foreach"}},"runAfter":{"Variable_-_Text_Log":["Succeeded"]},"metadata":{"operationMetadataId":"d0b3a2ac-6859-40a2-9ae2-336b6786c849"},"type":"Scope"},"Catch":{"actions":{"Send_me_an_email_notification":{"runAfter":{},"metadata":{"flowSystemMetadata":{"swaggerOperationId":"SendEmailNotification"},"operationMetadataId":"1cec1826-4730-4e36-9ad6-0401c17205d0"},"type":"ApiConnection","inputs":{"host":{"connection":{"name":"@json(decodeBase64(triggerOutputs().headers['X-MS-APIM-Tokens']))['$connections']['shared_flowpush']['connectionId']"},"api":{"runtimeUrl":"https://unitedstates-002.azure-apim.net/apim/flowpush"}},"method":"post","body":{"notificationSubject":"Knowledge Portal Migration Error","notificationBody":"Knowledge Portal Migration Error"},"path":"/sendEmailNotification","authentication":{"type":"Raw","value":"@json(decodeBase64(triggerOutputs().headers['X-MS-APIM-Tokens']))['$ConnectionKey']"}}}},"runAfter":{"Try":["Failed","Skipped","TimedOut"]},"metadata":{"operationMetadataId":"65ef0833-7fe5-41e5-b286-8e84ef85a04d"},"type":"Scope"},"Finally":{"actions":{"SharePoint_-_Create_Log_File":{"runAfter":{},"metadata":{"flowSystemMetadata":{"swaggerOperationId":"CreateFile"},"operationMetadataId":"b653296e-a9d9-4846-9f86-d952cf7ebb77"},"type":"ApiConnection","inputs":{"host":{"connection":{"name":"@json(decodeBase64(triggerOutputs().headers['X-MS-APIM-Tokens']))['$connections']['shared_sharepointonline']['connectionId']"},"api":{"runtimeUrl":"https://unitedstates-002.azure-apim.net/apim/sharepointonline"}},"method":"post","body":"@variables('Log')","path":"/datasets/@{encodeURIComponent(encodeURIComponent('https://keeebbob.sharepoint.com/sites/HIGWorkSite'))}/files","queries":{"folderPath":"/Knowledge Portal Source","name":"Log.txt","queryParametersSingleEncoded":true},"authentication":{"type":"Raw","value":"@json(decodeBase64(triggerOutputs().headers['X-MS-APIM-Tokens']))['$ConnectionKey']"}},"runtimeConfiguration":{"contentTransfer":{"transferMode":"Chunked"}}}},"runAfter":{"Try":["Succeeded","Failed","Skipped","TimedOut"]},"metadata":{"operationMetadataId":"1833f837-c610-40b8-b716-9d3d95faf875"},"type":"Scope"}},"outputs":{},"description":"When a zip file is uploaded to the source library, extracts the file contents and move extracted files to the destination folder."},"connectionReferences":{"shared_sharepointonline":{"connectionName":"shared-sharepointonl-c1d106e8-4c37-497c-8d75-7812-dbc13583","source":"Embedded","id":"/providers/Microsoft.PowerApps/apis/shared_sharepointonline","tier":"NotSpecified"},"shared_flowpush":{"connectionName":"shared-flowpush-4c6b8394-97e7-4f9d-8203-b3c8-1af1b6d8","source":"Invoker","id":"/providers/Microsoft.PowerApps/apis/shared_flowpush","tier":"NotSpecified"}},"flowFailureAlertSubscribed":false}}