{"name":"74c25d75-f335-4e56-be40-a2c9432c5207","id":"/providers/Microsoft.Flow/flows/74c25d75-f335-4e56-be40-a2c9432c5207","type":"Microsoft.Flow/flows","properties":{"apiId":"/providers/Microsoft.PowerApps/apis/shared_logicflows","displayName":"Keeeb - HIG Migration - Knowledge Portal Documents","definition":{"metadata":{"workflowEntityId":null,"processAdvisorMetadata":null,"flowclientsuspensionreason":"BillingConsumption","flowclientsuspensiontime":"2021-11-15T20:21:41.7243821Z","creator":{"id":"d9161766-3396-4ceb-9eac-0f61101d0313","type":"User","tenantId":"69eb5f2d-d074-4a47-9809-17321c2b5744"},"provisioningMethod":"FromDefinition","failureAlertSubscription":true,"clientLastModifiedTime":"2021-11-15T20:21:41.7243821Z"},"$schema":"https://schema.management.azure.com/providers/Microsoft.Logic/schemas/2016-06-01/workflowdefinition.json#","contentVersion":"1.0.0.0","parameters":{"$connections":{"defaultValue":{},"type":"Object"},"$authentication":{"defaultValue":{},"type":"SecureObject"}},"triggers":{"Trigger_-_File_Uploaded_to_KP_Source_Library":{"recurrence":{"frequency":"Minute","interval":5},"splitOn":"@triggerBody()?['value']","metadata":{"flowSystemMetadata":{"swaggerOperationId":"GetOnNewFileItems"},"operationMetadataId":"a171a38b-774c-4a7e-80cc-072a9e3ea519"},"type":"ApiConnection","inputs":{"host":{"connection":{"name":"@parameters('$connections')['shared_sharepointonline']['connectionId']"},"api":{"runtimeUrl":"https://unitedstates-002.azure-apim.net/apim/sharepointonline"}},"method":"get","path":"/datasets/@{encodeURIComponent(encodeURIComponent('https://keeebbob.sharepoint.com/sites/HIGWorkSite'))}/tables/@{encodeURIComponent(encodeURIComponent('80d2c365-7286-45d4-84be-50295c675b2d'))}/onnewfileitems","authentication":"@parameters('$authentication')"},"description":"//TODO: Remove this trigger and replace with On Demand trigger once testing is complete."}},"actions":{"Condition_-_Is_File_Extension_.zip":{"actions":{"Try":{"actions":{"SP_-_Get_Zip_File_Content":{"runAfter":{},"metadata":{"flowSystemMetadata":{"swaggerOperationId":"GetFileContent"},"operationMetadataId":"0965715d-6c55-4dbf-970e-b5ddd08d59c9"},"type":"ApiConnection","inputs":{"host":{"connection":{"name":"@parameters('$connections')['shared_sharepointonline']['connectionId']"},"api":{"runtimeUrl":"https://unitedstates-002.azure-apim.net/apim/sharepointonline"}},"method":"get","path":"/datasets/@{encodeURIComponent(encodeURIComponent('https://keeebbob.sharepoint.com/sites/HIGWorkSite'))}/files/@{encodeURIComponent(triggerBody()?['{Identifier}'])}/content","queries":{"inferContentType":false},"authentication":"@parameters('$authentication')"},"description":"Get the source zip file content for the triggering file"},"Cloudmersive_-_Extract_File_Content":{"runAfter":{"Log_-_SP_Get_Zip_File_Content":["Succeeded"]},"metadata":{"flowSystemMetadata":{"swaggerOperationId":"ZipArchive_ZipExtract"},"operationMetadataId":"ea24e4b5-9cb9-4df3-9540-8b9ec7dd4445"},"type":"ApiConnection","inputs":{"host":{"connection":{"name":"@parameters('$connections')['shared_cloudmersivefileproc_1']['connectionId']"},"api":{"runtimeUrl":"https://unitedstates-002.azure-apim.net/apim/cloudmersivefileproc"}},"method":"post","path":"/convert/archive/zip/extract","body":{"$content-type":"multipart/form-data","$multipart":[{"headers":{"Content-Disposition":"form-data; name=\"inputFile\""},"body":"@body('SP_-_Get_Zip_File_Content')"}]},"authentication":"@parameters('$authentication')"}},"Condition_-_Is_File_Extract_Success":{"actions":{"Condition_-_Is_Top-Level_Files_in_Zip":{"actions":{"Loop_-_Create_Files_From_Zip":{"foreach":"@body('Cloudmersive_-_Extract_File_Content')?['FilesInZip']","actions":{"SP_-_Create_File_in_Target_Dir":{"runAfter":{},"metadata":{"flowSystemMetadata":{"swaggerOperationId":"CreateFile"},"operationMetadataId":"639abd6c-b0e9-4fab-a302-b9ab7046a565"},"type":"ApiConnection","inputs":{"host":{"connection":{"name":"@parameters('$connections')['shared_sharepointonline']['connectionId']"},"api":{"runtimeUrl":"https://unitedstates-002.azure-apim.net/apim/sharepointonline"}},"method":"post","body":"@base64ToBinary(items('Loop_-_Create_Files_From_Zip')?['FileContents'])","path":"/datasets/@{encodeURIComponent(encodeURIComponent('https://keeebbob.sharepoint.com/sites/HIGWorkSite'))}/files","queries":{"folderPath":"/Knowledge Portal Target","name":"@items('Loop_-_Create_Files_From_Zip')?['FileName']","queryParametersSingleEncoded":true},"authentication":"@parameters('$authentication')"},"runtimeConfiguration":{"contentTransfer":{"transferMode":"Chunked"}}},"Log_-_Created_File_in_SharePoint":{"runAfter":{"SP_-_Create_File_in_Target_Dir":["Succeeded"]},"metadata":{"operationMetadataId":"992314ef-87bd-4a19-8215-cf08e319678b"},"type":"AppendToStringVariable","inputs":{"name":"Log","value":"\n[INFO] - Created file @{body('SP_-_Create_File_in_Target_Dir')?['DisplayName']} in SharePoint."}}},"runAfter":{},"metadata":{"operationMetadataId":"0226d2a5-300e-4184-85e2-9fe2db7f1b27"},"type":"Foreach"}},"runAfter":{"Log_-_Top_Level_Directories_in_Zip":["Succeeded"]},"expression":{"greater":["@length(body('Cloudmersive_-_Extract_File_Content')?['FilesInZip'])",0]},"metadata":{"operationMetadataId":"ec5520de-7628-4bbd-b285-530c3e02b6aa"},"type":"If"},"Condition_-_Is_Top_Level_Directories_in_Zip":{"actions":{"Loop_-_Create_Folders_from_Zip":{"foreach":"@body('Cloudmersive_-_Extract_File_Content')?['DirectoriesInZip']","actions":{"Log_-_Created_Folder_in_SharePoint":{"runAfter":{"SP_-_Create_Folder_in_Target_Dir":["Succeeded"]},"metadata":{"operationMetadataId":"9f1d4754-61c2-423b-874e-0ddb4e798a32"},"type":"AppendToStringVariable","inputs":{"name":"Log","value":"\n[INFO] - Created folder @{body('SP_-_Create_Folder_in_Target_Dir')?['{Name}']} in SharePoint. "}},"SP_-_Create_Folder_in_Target_Dir":{"runAfter":{},"metadata":{"flowSystemMetadata":{"swaggerOperationId":"CreateNewFolder"},"operationMetadataId":"1bc9d356-a53a-45ac-9d3f-8162a7188d0c"},"type":"ApiConnection","inputs":{"host":{"connection":{"name":"@parameters('$connections')['shared_sharepointonline']['connectionId']"},"api":{"runtimeUrl":"https://unitedstates-002.azure-apim.net/apim/sharepointonline"}},"method":"post","body":{"path":"/@{items('Loop_-_Create_Folders_from_Zip')?['DirectoryName']}"},"path":"/datasets/@{encodeURIComponent(encodeURIComponent('https://keeebbob.sharepoint.com/sites/HIGWorkSite'))}/tables/@{encodeURIComponent(encodeURIComponent('cb19a7c7-d360-4085-b52e-2d710e9f8982'))}/createnewfolder","authentication":"@parameters('$authentication')"}},"Loop_-_Create_Files_in_Directory":{"foreach":"@items('Loop_-_Create_Folders_from_Zip')?['FilesInDirectory']","actions":{"SP_-_Create_File_in_New_Folder":{"runAfter":{},"metadata":{"flowSystemMetadata":{"swaggerOperationId":"CreateFile"},"operationMetadataId":"5b5c6694-6eef-4e36-b5f3-224c991b5991"},"type":"ApiConnection","inputs":{"host":{"connection":{"name":"@parameters('$connections')['shared_sharepointonline']['connectionId']"},"api":{"runtimeUrl":"https://unitedstates-002.azure-apim.net/apim/sharepointonline"}},"method":"post","body":"@base64ToBinary(items('Loop_-_Create_Files_in_Directory')?['FileContents'])","path":"/datasets/@{encodeURIComponent(encodeURIComponent('https://keeebbob.sharepoint.com/sites/HIGWorkSite'))}/files","queries":{"folderPath":"@body('SP_-_Create_Folder_in_Target_Dir')?['{FullPath}']","name":"@items('Loop_-_Create_Files_in_Directory')?['FileName']","queryParametersSingleEncoded":true},"authentication":"@parameters('$authentication')"},"runtimeConfiguration":{"contentTransfer":{"transferMode":"Chunked"}}},"Append_to_string_variable":{"runAfter":{"SP_-_Create_File_in_New_Folder":["Succeeded"]},"metadata":{"operationMetadataId":"6405c614-cf64-44af-98c0-c06c3812616e"},"type":"AppendToStringVariable","inputs":{"name":"Log","value":"\n[INFO] - File @{body('SP_-_Create_File_in_New_Folder')?['Name']} Created in Folder @{body('SP_-_Create_Folder_in_Target_Dir')?['{Name}']}."}}},"runAfter":{"Log_-_Created_Folder_in_SharePoint":["Succeeded"]},"metadata":{"operationMetadataId":"83cb3d4b-b18a-43a8-97fb-bff4bfddf04f"},"type":"Foreach"}},"runAfter":{},"metadata":{"operationMetadataId":"39e54bcc-d020-40c8-a1f6-0ecd1ea9d2e6"},"type":"Foreach"}},"runAfter":{"Condition_-_Is_Top-Level_Files_in_Zip":["Succeeded"]},"expression":{"greater":["@length(body('Cloudmersive_-_Extract_File_Content')?['DirectoriesInZip'])",0]},"metadata":{"operationMetadataId":"f48d67a1-a09c-4015-b410-324c5cb7ed57"},"type":"If"},"Send_me_an_email_notification":{"runAfter":{"Condition_-_Is_Top_Level_Directories_in_Zip":["Succeeded"]},"metadata":{"flowSystemMetadata":{"swaggerOperationId":"SendEmailNotification"},"operationMetadataId":"c89e6861-dfd8-476f-b1df-aaa6c408c4a1"},"type":"ApiConnection","inputs":{"host":{"connection":{"name":"@parameters('$connections')['shared_flowpush']['connectionId']"},"api":{"runtimeUrl":"https://unitedstates-002.azure-apim.net/apim/flowpush"}},"method":"post","body":{"notificationSubject":"Knowledge Portal Document Migration Success","notificationBody":"Knowledge Portal Document Migration Success"},"path":"/sendEmailNotification","authentication":"@parameters('$authentication')"}},"Log_-_Top-Level_Files_in_Zip":{"runAfter":{},"metadata":{"operationMetadataId":"5fc0a90d-9d8d-40e0-8f65-1db817c4fd1a"},"type":"AppendToStringVariable","inputs":{"name":"Log","value":"\n[INFO] - (@{length(body('Cloudmersive_-_Extract_File_Content')?['FilesInZip'])}) top-level files contained in zip library."}},"Log_-_Top_Level_Directories_in_Zip":{"runAfter":{"Log_-_Top-Level_Files_in_Zip":["Succeeded"]},"metadata":{"operationMetadataId":"41b4c006-cfb8-498c-9d32-5a0a036fa0ea"},"type":"AppendToStringVariable","inputs":{"name":"Log","value":"\n[INFO] - (@{length(body('Cloudmersive_-_Extract_File_Content')?['DirectoriesInZip'])}) top-level directories contained in zip library."}}},"runAfter":{"Cloudmersive_-_Extract_File_Content":["Succeeded"]},"else":{"actions":{"Terminate":{"runAfter":{},"metadata":{"operationMetadataId":"75b471e2-e08b-439d-b518-1488f8a5d443"},"type":"Terminate","inputs":{"runStatus":"Failed","runError":{"code":"ERROR_ZIPFAILURE","message":"Failure in zip extract operation. Files were not extracted or uploaded to target directory."}}}}},"expression":{"equals":["@body('Cloudmersive_-_Extract_File_Content')?['Successful']","@true"]},"metadata":{"operationMetadataId":"029e38bc-c339-4db0-9753-6000bfe055d3"},"type":"If"},"Log_-_SP_Get_Zip_File_Content":{"runAfter":{"SP_-_Get_Zip_File_Content":["Succeeded"]},"metadata":{"operationMetadataId":"ceb58568-09d6-46e9-8991-7bb062dfa78c"},"type":"AppendToStringVariable","inputs":{"name":"Log","value":"\n[INFO] - Retrieved file content for SharePoint file @{triggerBody()?['{FilenameWithExtension}']}."}}},"runAfter":{},"metadata":{"operationMetadataId":"d6522bdf-7442-4548-b012-bd4ab18c4a3a"},"type":"Scope"},"Catch":{"actions":{"Send_me_an_email_notification_2":{"runAfter":{},"metadata":{"flowSystemMetadata":{"swaggerOperationId":"SendEmailNotification"},"operationMetadataId":"913bff47-ec07-4f24-a82e-50ea8a837b82"},"type":"ApiConnection","inputs":{"host":{"connection":{"name":"@parameters('$connections')['shared_flowpush']['connectionId']"},"api":{"runtimeUrl":"https://unitedstates-002.azure-apim.net/apim/flowpush"}},"method":"post","body":{"notificationSubject":"Knowledge Portal Migration Error","notificationBody":"Knowledge Portal Migration Success"},"path":"/sendEmailNotification","authentication":"@parameters('$authentication')"}}},"runAfter":{"Try":["Failed","Skipped","TimedOut"]},"metadata":{"operationMetadataId":"09868e44-5543-4ca3-a5df-09945177cfcb"},"type":"Scope"},"Finally":{"actions":{"SP_-_Create_Log_File":{"runAfter":{},"metadata":{"flowSystemMetadata":{"swaggerOperationId":"CreateFile"},"operationMetadataId":"d9c346ec-dae2-400c-9186-aa3589f8b79c"},"type":"ApiConnection","inputs":{"host":{"connection":{"name":"@parameters('$connections')['shared_sharepointonline']['connectionId']"},"api":{"runtimeUrl":"https://unitedstates-002.azure-apim.net/apim/sharepointonline"}},"method":"post","body":"@variables('Log')","path":"/datasets/@{encodeURIComponent(encodeURIComponent('https://keeebbob.sharepoint.com/sites/HIGWorkSite'))}/files","queries":{"folderPath":"/Knowledge Portal Source","name":"Log.txt","queryParametersSingleEncoded":true},"authentication":"@parameters('$authentication')"},"runtimeConfiguration":{"contentTransfer":{"transferMode":"Chunked"}}}},"runAfter":{"Try":["Succeeded","Failed","Skipped","TimedOut"]},"metadata":{"operationMetadataId":"09c5d2e3-53a2-4f9f-a1c5-a4bd46793693"},"type":"Scope"}},"runAfter":{"Variable_-_Text_Log":["Succeeded"]},"else":{"actions":{"Log_-_Terminate_No_Zip":{"runAfter":{},"metadata":{"operationMetadataId":"453e96e3-0f79-4d32-a0dc-f27f6a2793ea"},"type":"AppendToStringVariable","inputs":{"name":"Log","value":"ERROR - Triggered file is not a compressed library. Process will exit."}},"Terminate_-_ERROR_NOZIP":{"runAfter":{"Log_-_Terminate_No_Zip":["Succeeded"]},"metadata":{"operationMetadataId":"1f66bea4-5ff8-48ed-84f3-720d0760163d"},"type":"Terminate","inputs":{"runStatus":"Failed","runError":{"code":"ERROR_NOZIP","message":"Triggered file is not a compressed library. Process will exit."}}}}},"expression":"@contains(triggerBody()?['{FilenameWithExtension}'], '.zip')","metadata":{"operationMetadataId":"c61842fc-33c0-494a-9415-0b5e548283d9"},"type":"If"},"Variable_-_Target_Library_Path":{"runAfter":{},"metadata":{"operationMetadataId":"808c783e-4284-4d22-9e75-a4165ed049c5"},"type":"InitializeVariable","inputs":{"variables":[{"name":"TargetLibrary","type":"string","value":"Knowledge Portal Target"}]}},"Variable_-_Text_Log":{"runAfter":{"Variable_-_Target_Library_Path":["Succeeded"]},"metadata":{"operationMetadataId":"70863077-b67f-4109-b9b3-fbbca7f15c5b"},"type":"InitializeVariable","inputs":{"variables":[{"name":"Log","type":"string"}]}}},"outputs":{},"description":"When a zip file is uploaded to the source library, extracts the file contents and move extracted files to the destination folder."},"connectionReferences":{"shared_sharepointonline":{"connectionName":"shared-sharepointonl-c1d106e8-4c37-497c-8d75-7812-dbc13583","source":"Embedded","id":"/providers/Microsoft.PowerApps/apis/shared_sharepointonline","tier":"NotSpecified"},"shared_cloudmersivefileproc_1":{"connectionName":"shared-cloudmersivef-e6ad1983-f7e9-41bb-bc77-a9c6-164f32f6","source":"Embedded","id":"/providers/Microsoft.PowerApps/apis/shared_cloudmersivefileproc","tier":"NotSpecified"},"shared_flowpush":{"connectionName":"shared-flowpush-4c6b8394-97e7-4f9d-8203-b3c8-1af1b6d8","source":"Embedded","id":"/providers/Microsoft.PowerApps/apis/shared_flowpush","tier":"NotSpecified"}},"flowFailureAlertSubscribed":false}}