{"name":"4745f5ee-6763-4c48-8818-d63c9a693152","id":"/providers/Microsoft.Flow/flows/4745f5ee-6763-4c48-8818-d63c9a693152","type":"Microsoft.Flow/flows","properties":{"apiId":"/providers/Microsoft.PowerApps/apis/shared_logicflows","displayName":"Knowledge Portal - Copy Files","definition":{"metadata":{"workflowEntityId":null,"processAdvisorMetadata":null,"flowclientsuspensionreason":"None","flowclientsuspensiontime":null,"creator":{"id":"b78c82a7-0d25-490c-881d-d5733c760758","type":"User","tenantId":"d598f71c-782d-4a59-904b-3cd8ce49bdaa"},"provisioningMethod":"FromDefinition","failureAlertSubscription":true,"clientLastModifiedTime":"2021-08-05T21:38:43.7276759Z"},"$schema":"https://schema.management.azure.com/providers/Microsoft.Logic/schemas/2016-06-01/workflowdefinition.json#","contentVersion":"1.0.0.0","parameters":{"$connections":{"defaultValue":{},"type":"Object"},"$authentication":{"defaultValue":{},"type":"SecureObject"}},"triggers":{"manual":{"type":"Request","kind":"Button","inputs":{"schema":{"type":"object","properties":{},"required":[]}}}},"actions":{"Variable_-_Target_Library_Path":{"runAfter":{"Variable_-_Source_Library_Path":["Succeeded"]},"type":"InitializeVariable","inputs":{"variables":[{"name":"TargetLibrary","type":"string","value":"Knowledge Portal Target"}]}},"Variable_-_Text_Log":{"runAfter":{"Variable_-_Target_Library_Path":["Succeeded"]},"type":"InitializeVariable","inputs":{"variables":[{"name":"Log","type":"string"}]}},"Variable_-_Source_Library_Path":{"runAfter":{},"type":"InitializeVariable","inputs":{"variables":[{"name":"SourceLibrary","type":"string","value":"Knowledge Portal Source"}]}},"Try":{"actions":{"SharePoint_-_Get_Files_in_Source_Library":{"runAfter":{},"metadata":{"flowSystemMetadata":{"swaggerOperationId":"GetFileItems"}},"type":"ApiConnection","inputs":{"host":{"connection":{"name":"@json(decodeBase64(triggerOutputs().headers['X-MS-APIM-Tokens']))['$connections']['shared_sharepointonline']['connectionId']"},"api":{"runtimeUrl":"https://flow-apim-msmanaged-na-northcentralus-01.azure-apim.net/apim/sharepointonline"}},"method":"get","path":"/datasets/@{encodeURIComponent(encodeURIComponent('https://hignet.sharepoint.com/sites/msteams_412c2e_959409'))}/tables/@{encodeURIComponent(encodeURIComponent('6060531c-6cba-428e-807d-ff1c78bd1780'))}/getfileitems","queries":{"folderPath":"/Shared Documents/General/KnowledgePortal/Files","viewScopeOption":"RecursiveAll"},"authentication":{"type":"Raw","value":"@json(decodeBase64(triggerOutputs().headers['X-MS-APIM-Tokens']))['$ConnectionKey']"}},"runtimeConfiguration":{"paginationPolicy":{"minimumItemCount":5000}}},"Log_-_Get_Files_in_Source_Library":{"runAfter":{"SharePoint_-_Get_Files_in_Source_Library":["Succeeded"]},"type":"AppendToStringVariable","inputs":{"name":"Log","value":"\n[INFO] - Retrieved files from source library. "}},"Loop_-_Create_Files_in_Target_Library":{"foreach":"@body('SharePoint_-_Get_Files_in_Source_Library')?['value']","actions":{"SharePoint_-_Copy_File":{"runAfter":{},"metadata":{"flowSystemMetadata":{"swaggerOperationId":"CopyFileAsync"}},"type":"ApiConnection","inputs":{"host":{"connection":{"name":"@json(decodeBase64(triggerOutputs().headers['X-MS-APIM-Tokens']))['$connections']['shared_sharepointonline']['connectionId']"},"api":{"runtimeUrl":"https://flow-apim-msmanaged-na-northcentralus-01.azure-apim.net/apim/sharepointonline"}},"method":"post","body":{"sourceFileId":"@{items('Loop_-_Create_Files_in_Target_Library')?['{Path}']}@{items('Loop_-_Create_Files_in_Target_Library')?['{FilenameWithExtension}']}","destinationDataset":"https://hignet.sharepoint.com/sites/msteams_36fb35_454066","destinationFolderPath":"/Shared Documents","nameConflictBehavior":1},"path":"/datasets/@{encodeURIComponent(encodeURIComponent('https://hignet.sharepoint.com/sites/msteams_412c2e_959409'))}/copyFileAsync","authentication":{"type":"Raw","value":"@json(decodeBase64(triggerOutputs().headers['X-MS-APIM-Tokens']))['$ConnectionKey']"}}},"Condition":{"actions":{"Append_to_string_variable":{"runAfter":{},"type":"AppendToStringVariable","inputs":{"name":"Log","value":"\n[ERROR] - Error copying file to SharePoint. File Name: @{items('Loop_-_Create_Files_in_Target_Library')?['{Path}']}@{items('Loop_-_Create_Files_in_Target_Library')?['{FilenameWithExtension}']}"}}},"runAfter":{"SharePoint_-_Copy_File":["Succeeded"]},"else":{"actions":{"Log_-_File_Copied":{"runAfter":{},"type":"AppendToStringVariable","inputs":{"name":"Log","value":"\n[INFO] - File copied to SharePoint target library. File Name: @{items('Loop_-_Create_Files_in_Target_Library')?['{Path}']}@{items('Loop_-_Create_Files_in_Target_Library')?['{FilenameWithExtension}']}"}}}},"expression":{"not":{"equals":["@outputs('SharePoint_-_Copy_File')['statusCode']",200]}},"type":"If"}},"runAfter":{"Log_-_Get_Files_in_Source_Library":["Succeeded"]},"type":"Foreach","runtimeConfiguration":{"concurrency":{"repetitions":20}}}},"runAfter":{"Variable_-_Text_Log":["Succeeded"]},"type":"Scope"},"Catch":{"actions":{"Notification_-_Error":{"runAfter":{},"metadata":{"flowSystemMetadata":{"swaggerOperationId":"SendEmailNotification"}},"type":"ApiConnection","inputs":{"host":{"connection":{"name":"@json(decodeBase64(triggerOutputs().headers['X-MS-APIM-Tokens']))['$connections']['shared_flowpush']['connectionId']"},"api":{"runtimeUrl":"https://flow-apim-msmanaged-na-centralus-01.azure-apim.net/apim/flowpush"}},"method":"post","body":{"notificationSubject":"Knowledge Portal Migration Error","notificationBody":"Knowledge Portal Migration Error"},"path":"/sendEmailNotification","authentication":{"type":"Raw","value":"@json(decodeBase64(triggerOutputs().headers['X-MS-APIM-Tokens']))['$ConnectionKey']"}}}},"runAfter":{"Try":["Failed","Skipped","TimedOut"]},"type":"Scope"},"Finally":{"actions":{"SharePoint_-_Create_Log_File":{"runAfter":{},"metadata":{"flowSystemMetadata":{"swaggerOperationId":"CreateFile"}},"type":"ApiConnection","inputs":{"host":{"connection":{"name":"@json(decodeBase64(triggerOutputs().headers['X-MS-APIM-Tokens']))['$connections']['shared_sharepointonline']['connectionId']"},"api":{"runtimeUrl":"https://flow-apim-msmanaged-na-northcentralus-01.azure-apim.net/apim/sharepointonline"}},"method":"post","body":"@variables('Log')","path":"/datasets/@{encodeURIComponent(encodeURIComponent('https://hignet.sharepoint.com/sites/msteams_412c2e_959409'))}/files","queries":{"folderPath":"/Shared Documents/General","name":"Log.txt","queryParametersSingleEncoded":true},"authentication":{"type":"Raw","value":"@json(decodeBase64(triggerOutputs().headers['X-MS-APIM-Tokens']))['$ConnectionKey']"}},"runtimeConfiguration":{"contentTransfer":{"transferMode":"Chunked"}}}},"runAfter":{"Try":["Succeeded","Failed","Skipped","TimedOut"]},"type":"Scope"}},"outputs":{},"description":"When a zip file is uploaded to the source library, extracts the file contents and move extracted files to the destination folder."},"connectionReferences":{"shared_sharepointonline":{"connectionName":"650d471732d34df1afbe859120e510f0","source":"Embedded","id":"/providers/Microsoft.PowerApps/apis/shared_sharepointonline","tier":"NotSpecified"},"shared_flowpush":{"connectionName":"a3b18f253c7f431a97f64534d85ccb42","source":"Invoker","id":"/providers/Microsoft.PowerApps/apis/shared_flowpush","tier":"NotSpecified"}},"flowFailureAlertSubscribed":false}}