{"name":"5e1a3320-ddce-441d-a9d6-f2b79411548f","id":"/providers/Microsoft.Flow/flows/5e1a3320-ddce-441d-a9d6-f2b79411548f","type":"Microsoft.Flow/flows","properties":{"apiId":"/providers/Microsoft.PowerApps/apis/shared_logicflows","displayName":"Knowledge Portal - Document Migration","definition":{"metadata":{"workflowEntityId":null,"processAdvisorMetadata":null,"flowclientsuspensionreason":"BillingConsumption","flowclientsuspensiontime":"2021-07-31T19:31:51.5034604Z","creator":{"id":"b78c82a7-0d25-490c-881d-d5733c760758","type":"User","tenantId":"d598f71c-782d-4a59-904b-3cd8ce49bdaa"},"provisioningMethod":"FromDefinition","failureAlertSubscription":true,"clientLastModifiedTime":"2021-07-31T19:31:51.5034604Z"},"$schema":"https://schema.management.azure.com/providers/Microsoft.Logic/schemas/2016-06-01/workflowdefinition.json#","contentVersion":"1.0.0.0","parameters":{"$connections":{"defaultValue":{},"type":"Object"},"$authentication":{"defaultValue":{},"type":"SecureObject"}},"triggers":{"Trigger_-_File_Uploaded_to_KP_Source_Library":{"recurrence":{"frequency":"Minute","interval":1},"splitOn":"@triggerBody()?['value']","metadata":{"flowSystemMetadata":{"swaggerOperationId":"GetOnNewFileItems"}},"type":"ApiConnection","inputs":{"host":{"connection":{"name":"@parameters('$connections')['shared_sharepointonline']['connectionId']"},"api":{"runtimeUrl":"https://flow-apim-msmanaged-na-northcentralus-01.azure-apim.net/apim/sharepointonline"}},"method":"get","path":"/datasets/@{encodeURIComponent(encodeURIComponent('https://keeebbob.sharepoint.com/sites/HIGWorkSite'))}/tables/@{encodeURIComponent(encodeURIComponent('80d2c365-7286-45d4-84be-50295c675b2d'))}/onnewfileitems","authentication":"@parameters('$authentication')"},"description":"//TODO: Remove this trigger and replace with On Demand trigger once testing is complete."}},"actions":{"Condition_-_Is_File_Extension_.zip":{"actions":{"Try":{"actions":{"SP_-_Get_Zip_File_Content":{"runAfter":{},"metadata":{"flowSystemMetadata":{"swaggerOperationId":"GetFileContent"}},"type":"ApiConnection","inputs":{"host":{"connection":{"name":"@parameters('$connections')['shared_sharepointonline']['connectionId']"},"api":{"runtimeUrl":"https://flow-apim-msmanaged-na-northcentralus-01.azure-apim.net/apim/sharepointonline"}},"method":"get","path":"/datasets/@{encodeURIComponent(encodeURIComponent('https://keeebbob.sharepoint.com/sites/HIGWorkSite'))}/files/@{encodeURIComponent(triggerBody()?['{Identifier}'])}/content","queries":{"inferContentType":false},"authentication":"@parameters('$authentication')"},"description":"Get the source zip file content for the triggering file"},"Cloudmersive_-_Extract_File_Content":{"runAfter":{"Log_-_SP_Get_Zip_File_Content":["Succeeded"]},"metadata":{"flowSystemMetadata":{"swaggerOperationId":"ZipArchive_ZipExtract"}},"type":"ApiConnection","inputs":{"host":{"connection":{"name":"@parameters('$connections')['shared_cloudmersivefileproc_1']['connectionId']"},"api":{"runtimeUrl":"https://flow-apim-msmanaged-na-centralus-01.azure-apim.net/apim/cloudmersivefileproc"}},"method":"post","path":"/convert/archive/zip/extract","body":{"$content-type":"multipart/form-data","$multipart":[{"headers":{"Content-Disposition":"form-data; name=\"inputFile\""},"body":"@body('SP_-_Get_Zip_File_Content')"}]},"authentication":"@parameters('$authentication')"}},"Condition_-_Is_File_Extract_Success":{"actions":{"Condition_-_Is_Top-Level_Files_in_Zip":{"actions":{"Loop_-_Create_Files_From_Zip":{"foreach":"@body('Cloudmersive_-_Extract_File_Content')?['FilesInZip']","actions":{"SP_-_Create_File_in_Target_Dir":{"runAfter":{},"metadata":{"flowSystemMetadata":{"swaggerOperationId":"CreateFile"}},"type":"ApiConnection","inputs":{"host":{"connection":{"name":"@parameters('$connections')['shared_sharepointonline']['connectionId']"},"api":{"runtimeUrl":"https://flow-apim-msmanaged-na-northcentralus-01.azure-apim.net/apim/sharepointonline"}},"method":"post","body":"@base64ToBinary(items('Loop_-_Create_Files_From_Zip')?['FileContents'])","path":"/datasets/@{encodeURIComponent(encodeURIComponent('https://keeebbob.sharepoint.com/sites/HIGWorkSite'))}/files","queries":{"folderPath":"/Knowledge Portal Target","name":"@items('Loop_-_Create_Files_From_Zip')?['FileName']","queryParametersSingleEncoded":true},"authentication":"@parameters('$authentication')"},"runtimeConfiguration":{"contentTransfer":{"transferMode":"Chunked"}}},"Log_-_Created_File_in_SharePoint":{"runAfter":{"SP_-_Create_File_in_Target_Dir":["Succeeded"]},"type":"AppendToStringVariable","inputs":{"name":"Log","value":"\n[INFO] - Created file @{body('SP_-_Create_File_in_Target_Dir')?['DisplayName']} in SharePoint."}}},"runAfter":{},"type":"Foreach"}},"runAfter":{"Log_-_Top_Level_Directories_in_Zip":["Succeeded"]},"expression":{"greater":["@length(body('Cloudmersive_-_Extract_File_Content')?['FilesInZip'])",0]},"type":"If"},"Condition_-_Is_Top_Level_Directories_in_Zip":{"actions":{"Loop_-_Create_Folders_from_Zip":{"foreach":"@body('Cloudmersive_-_Extract_File_Content')?['DirectoriesInZip']","actions":{"Log_-_Created_Folder_in_SharePoint":{"runAfter":{"SP_-_Create_Folder_in_Target_Dir":["Succeeded"]},"type":"AppendToStringVariable","inputs":{"name":"Log","value":"\n[INFO] - Created folder @{body('SP_-_Create_Folder_in_Target_Dir')?['{Name}']} in SharePoint. "}},"SP_-_Create_Folder_in_Target_Dir":{"runAfter":{},"metadata":{"flowSystemMetadata":{"swaggerOperationId":"CreateNewFolder"}},"type":"ApiConnection","inputs":{"host":{"connection":{"name":"@parameters('$connections')['shared_sharepointonline']['connectionId']"},"api":{"runtimeUrl":"https://flow-apim-msmanaged-na-northcentralus-01.azure-apim.net/apim/sharepointonline"}},"method":"post","body":{"path":"/@{items('Loop_-_Create_Folders_from_Zip')?['DirectoryName']}"},"path":"/datasets/@{encodeURIComponent(encodeURIComponent('https://keeebbob.sharepoint.com/sites/HIGWorkSite'))}/tables/@{encodeURIComponent(encodeURIComponent('cb19a7c7-d360-4085-b52e-2d710e9f8982'))}/createnewfolder","authentication":"@parameters('$authentication')"}},"Loop_-_Create_Files_in_Directory":{"foreach":"@items('Loop_-_Create_Folders_from_Zip')?['FilesInDirectory']","actions":{"SP_-_Create_File_in_New_Folder":{"runAfter":{},"metadata":{"flowSystemMetadata":{"swaggerOperationId":"CreateFile"}},"type":"ApiConnection","inputs":{"host":{"connection":{"name":"@parameters('$connections')['shared_sharepointonline']['connectionId']"},"api":{"runtimeUrl":"https://flow-apim-msmanaged-na-northcentralus-01.azure-apim.net/apim/sharepointonline"}},"method":"post","body":"@base64ToBinary(items('Loop_-_Create_Files_in_Directory')?['FileContents'])","path":"/datasets/@{encodeURIComponent(encodeURIComponent('https://keeebbob.sharepoint.com/sites/HIGWorkSite'))}/files","queries":{"folderPath":"@body('SP_-_Create_Folder_in_Target_Dir')?['{FullPath}']","name":"@items('Loop_-_Create_Files_in_Directory')?['FileName']","queryParametersSingleEncoded":true},"authentication":"@parameters('$authentication')"},"runtimeConfiguration":{"contentTransfer":{"transferMode":"Chunked"}}},"Append_to_string_variable":{"runAfter":{"SP_-_Create_File_in_New_Folder":["Succeeded"]},"type":"AppendToStringVariable","inputs":{"name":"Log","value":"\n[INFO] - File @{body('SP_-_Create_File_in_New_Folder')?['Name']} Created in Folder @{body('SP_-_Create_Folder_in_Target_Dir')?['{Name}']}."}}},"runAfter":{"Log_-_Created_Folder_in_SharePoint":["Succeeded"]},"type":"Foreach"}},"runAfter":{},"type":"Foreach"}},"runAfter":{"Condition_-_Is_Top-Level_Files_in_Zip":["Succeeded"]},"expression":{"greater":["@length(body('Cloudmersive_-_Extract_File_Content')?['DirectoriesInZip'])",0]},"type":"If"},"Send_me_an_email_notification":{"runAfter":{"Condition_-_Is_Top_Level_Directories_in_Zip":["Succeeded"]},"metadata":{"flowSystemMetadata":{"swaggerOperationId":"SendEmailNotification"}},"type":"ApiConnection","inputs":{"host":{"connection":{"name":"@parameters('$connections')['shared_flowpush']['connectionId']"},"api":{"runtimeUrl":"https://flow-apim-msmanaged-na-centralus-01.azure-apim.net/apim/flowpush"}},"method":"post","body":{"notificationSubject":"Knowledge Portal Document Migration Success","notificationBody":"Knowledge Portal Document Migration Success"},"path":"/sendEmailNotification","authentication":"@parameters('$authentication')"}},"Log_-_Top-Level_Files_in_Zip":{"runAfter":{},"type":"AppendToStringVariable","inputs":{"name":"Log","value":"\n[INFO] - (@{length(body('Cloudmersive_-_Extract_File_Content')?['FilesInZip'])}) top-level files contained in zip library."}},"Log_-_Top_Level_Directories_in_Zip":{"runAfter":{"Log_-_Top-Level_Files_in_Zip":["Succeeded"]},"type":"AppendToStringVariable","inputs":{"name":"Log","value":"\n[INFO] - (@{length(body('Cloudmersive_-_Extract_File_Content')?['DirectoriesInZip'])}) top-level directories contained in zip library."}}},"runAfter":{"Cloudmersive_-_Extract_File_Content":["Succeeded"]},"else":{"actions":{"Terminate":{"runAfter":{},"type":"Terminate","inputs":{"runStatus":"Failed","runError":{"code":"ERROR_ZIPFAILURE","message":"Failure in zip extract operation. Files were not extracted or uploaded to target directory."}}}}},"expression":{"equals":["@body('Cloudmersive_-_Extract_File_Content')?['Successful']","@true"]},"type":"If"},"Log_-_SP_Get_Zip_File_Content":{"runAfter":{"SP_-_Get_Zip_File_Content":["Succeeded"]},"type":"AppendToStringVariable","inputs":{"name":"Log","value":"\n[INFO] - Retrieved file content for SharePoint file @{triggerBody()?['{FilenameWithExtension}']}."}}},"runAfter":{},"type":"Scope"},"Catch":{"actions":{"Send_me_an_email_notification_2":{"runAfter":{},"metadata":{"flowSystemMetadata":{"swaggerOperationId":"SendEmailNotification"}},"type":"ApiConnection","inputs":{"host":{"connection":{"name":"@parameters('$connections')['shared_flowpush']['connectionId']"},"api":{"runtimeUrl":"https://flow-apim-msmanaged-na-centralus-01.azure-apim.net/apim/flowpush"}},"method":"post","body":{"notificationSubject":"Knowledge Portal Migration Error","notificationBody":"Knowledge Portal Migration Success"},"path":"/sendEmailNotification","authentication":"@parameters('$authentication')"}}},"runAfter":{"Try":["Failed","Skipped","TimedOut"]},"type":"Scope"},"Finally":{"actions":{"SP_-_Create_Log_File":{"runAfter":{},"metadata":{"flowSystemMetadata":{"swaggerOperationId":"CreateFile"}},"type":"ApiConnection","inputs":{"host":{"connection":{"name":"@parameters('$connections')['shared_sharepointonline']['connectionId']"},"api":{"runtimeUrl":"https://flow-apim-msmanaged-na-northcentralus-01.azure-apim.net/apim/sharepointonline"}},"method":"post","body":"@variables('Log')","path":"/datasets/@{encodeURIComponent(encodeURIComponent('https://keeebbob.sharepoint.com/sites/HIGWorkSite'))}/files","queries":{"folderPath":"/Knowledge Portal Source","name":"Log.txt","queryParametersSingleEncoded":true},"authentication":"@parameters('$authentication')"},"runtimeConfiguration":{"contentTransfer":{"transferMode":"Chunked"}}}},"runAfter":{"Try":["Succeeded","Failed","Skipped","TimedOut"]},"type":"Scope"}},"runAfter":{"Variable_-_Text_Log":["Succeeded"]},"else":{"actions":{"Log_-_Terminate_No_Zip":{"runAfter":{},"type":"AppendToStringVariable","inputs":{"name":"Log","value":"ERROR - Triggered file is not a compressed library. Process will exit."}},"Terminate_-_ERROR_NOZIP":{"runAfter":{"Log_-_Terminate_No_Zip":["Succeeded"]},"type":"Terminate","inputs":{"runStatus":"Failed","runError":{"code":"ERROR_NOZIP","message":"Triggered file is not a compressed library. Process will exit."}}}}},"expression":"@contains(triggerBody()?['{FilenameWithExtension}'], '.zip')","type":"If"},"Variable_-_Target_Library_Path":{"runAfter":{},"type":"InitializeVariable","inputs":{"variables":[{"name":"TargetLibrary","type":"string","value":"Knowledge Portal Target"}]}},"Variable_-_Text_Log":{"runAfter":{"Variable_-_Target_Library_Path":["Succeeded"]},"type":"InitializeVariable","inputs":{"variables":[{"name":"Log","type":"string"}]}}},"outputs":{},"description":"When a zip file is uploaded to the source library, extracts the file contents and move extracted files to the destination folder."},"connectionReferences":{"shared_sharepointonline":{"connectionName":"650d471732d34df1afbe859120e510f0","source":"Embedded","id":"/providers/Microsoft.PowerApps/apis/shared_sharepointonline","tier":"NotSpecified"},"shared_cloudmersivefileproc_1":{"connectionName":"0f18441cf0ed400c97e85e7ba29f7aa6","source":"Embedded","id":"/providers/Microsoft.PowerApps/apis/shared_cloudmersivefileproc","tier":"NotSpecified"},"shared_flowpush":{"connectionName":"a3b18f253c7f431a97f64534d85ccb42","source":"Embedded","id":"/providers/Microsoft.PowerApps/apis/shared_flowpush","tier":"NotSpecified"}},"flowFailureAlertSubscribed":false}}